M,M,W,W,W,W,L,L,L,W,W,P,P,P,P,W,W,S,S,S,S
M,MR,W,W,W,W,L,L,LR,W,W,P,P,P,P,W,W,S,S,S,S
M,M,M,M,W,W,L,L,L,L,W,P,P,P,P,W,W,S,S,S,S
M,M,M,M,W,W,L,L,L,L,W,P,P,P,P,W,W,S,SD,SD,S
M,M,M,M,W,W,L,L,L,L,W,P,P,P,P,W,W,W,W,W,W
M,M,M,M,W,W,L,L,L,L,W,P,P,P,PR,W,W,W,W,W,W
M,M,M,M,W,W,L,L,LD,LD,W,P,P,PD,P,W,W,T,T,T,T
M,M,M,M,W,W,L,L,W,W,W,W,W,W,W,W,W,TL,T,T,T
M,MD,MD,M,W,W,W,W,W,W,W,W,W,W,W,W,W,TL,T,T,T
W,W,W,W,W,W,W,W,W,W,X,X,X,X,W,W,W,T,T,T,T
W,W,W,W,W,W,W,W,W,X,X,X,X,X,X,W,W,W,W,W,W
W,B,BU,B,B,B,B,W,W,X,X,X,X,X,X,W,W,K,K,K,W
W,B,B,B,B,B,B,W,W,X,X,X,X,X,X,W,W,KL,K,K,W
W,B,B,B,B,B,B,W,W,W,X,X,X,X,W,W,W,K,K,K,W
W,B,B,B,B,B,B,W,W,W,W,W,W,W,W,W,W,K,K,K,W
W,B,B,B,B,B,BR,W,W,W,W,W,W,W,W,W,W,W,W,W,W
W,B,B,B,B,W,W,W,G,G,GU,G,GU,G,G,W,D,DU,D,D,W
W,B,B,B,B,W,W,W,G,G,G,G,G,G,G,W,D,D,D,D,W
W,B,B,B,B,W,W,W,GL,G,G,G,G,G,GR,W,D,D,D,D,W
W,B,BD,B,B,W,W,W,G,G,G,G,G,G,G,W,D,D,D,D,W
W,W,W,W,W,W,W,W,W,W,W,W,W,W,W,W,W,W,W,W,W
