B,B,W,N,N,N,N,W,F,F,F,F,F,F,F,W,K,K,K,K,K,K,K,K
B,B,W,N,N,N,N,W,F,F,F,F,F,F,F,W,K,K,K,K,K,K,K,K
B,B,W,N,N,N,N,W,F,F,F,F,F,F,F,W,W,K,K,K,K,K,K,K
B,B,W,NL,N,N,N,W,F,F,F,F,F,F,F,W,W,W,KL,K,K,K,K,K
B,BR,W,N,N,N,NR,W,F,F,F,FD,F,F,F,W,W,W,W,W,W,W,W,W
B,BR,W,N,N,N,N,W,W,W,W,W,W,W,W,W,W,W,W,W,W,W,W,W
B,B,W,N,N,N,N,W,W,W,W,W,W,W,W,W,D,D,D,D,D,D,D,D
B,B,W,W,W,W,W,W,W,X,X,X,X,X,W,W,D,D,D,D,D,D,D,D
B,B,B,B,B,B,W,W,W,X,X,X,X,X,W,W,D,D,D,D,D,D,D,D
B,B,B,B,B,B,W,W,W,X,X,X,X,X,W,W,DL,D,D,D,D,D,D,D
B,B,B,B,B,B,W,W,W,X,X,X,X,X,W,W,DL,D,D,D,D,D,D,D
W,W,W,W,W,W,W,W,W,X,X,X,X,X,W,W,D,D,D,D,D,D,D,D
W,W,W,W,W,W,W,W,W,W,W,W,W,W,W,W,D,D,D,D,DD,D,D,D
O,OU,O,W,W,W,W,W,W,W,W,W,W,W,W,W,W,W,W,W,W,W,W,W
O,O,O,W,W,W,W,W,W,W,W,W,W,W,W,W,W,W,W,W,W,W,W,W
O,O,O,W,W,T,T,T,T,T,TU,TU,T,T,T,T,T,W,W,W,M,M,M,M
W,W,W,W,W,T,T,T,T,T,T,T,T,T,T,T,T,W,W,W,M,M,M,M
W,W,W,W,W,T,T,T,T,T,T,T,T,T,T,T,T,W,W,M,M,M,M,M
G,W,W,W,W,T,T,T,T,T,T,T,T,T,T,T,T,W,W,M,M,M,M,M
G,G,W,W,W,T,T,T,T,T,T,T,T,T,T,T,T,W,W,ML,M,M,M,M
G,G,G,W,W,T,T,T,T,T,T,T,T,T,T,T,T,W,W,ML,M,M,M,M
G,G,G,GR,W,W,T,T,T,T,T,T,T,T,T,T,T,W,W,M,M,M,M,M
G,G,G,G,G,W,T,T,T,T,T,T,T,T,T,T,T,W,W,M,M,M,M,M
G,G,G,G,G,W,T,T,T,T,T,T,T,T,T,T,T,W,W,M,M,M,M,M
