A,A,A,W,B,B,B,B,W,B,B,B,W,W,W,F,F,F,F,F,F,F,F
AD,AN,A,W,B,B,B,B,W,B,B,BR,W,W,W,F,F,F,FN,F,F,F,F
W,W,W,W,B,B,B,B,B,B,B,B,W,W,W,F,F,F,F,F,F,F,F
C,CU,C,W,B,BN,B,B,W,B,B,B,W,W,W,F,F,F,F,F,F,F,F
C,C,C,W,B,BD,B,B,W,B,B,B,W,W,W,W,W,W,W,W,FL,F,F
C,C,CR,W,W,W,W,W,W,W,W,W,W,W,W,W,W,W,W,W,W,W,W
C,C,C,W,W,W,W,W,W,W,W,W,W,W,W,W,W,W,W,W,W,W,W
C,C,CR,W,W,W,W,W,W,W,W,W,W,W,W,W,W,W,W,W,W,W,W
C,CN,C,W,W,H,H,H,W,X,X,X,X,X,W,W,GL,G,G,G,G,G,GU
C,C,C,W,W,H,H,HR,W,X,X,X,X,X,W,W,G,G,G,G,G,G,G
C,C,CR,W,W,H,HN,H,W,X,X,X,X,X,W,W,G,G,G,GN,G,G,G
C,C,C,W,W,H,H,H,W,X,X,X,X,X,W,W,G,G,G,G,G,G,G
C,CD,C,W,W,W,W,W,W,X,X,X,X,X,W,W,GD,G,G,G,G,G,GD
W,W,W,W,W,W,W,W,W,X,X,X,X,X,W,W,W,W,W,W,W,W,W
W,W,W,W,W,W,W,W,W,W,W,W,W,W,W,W,W,W,W,W,W,W,W
L,L,LU,LU,L,L,L,W,W,W,W,W,W,W,W,W,W,W,W,W,W,W,W
L,L,L,L,L,L,L,W,W,M,MU,M,M,M,W,W,W,W,W,W,W,W,W
L,L,L,L,L,L,L,W,W,M,M,M,M,M,W,W,W,W,W,RL,RR,W,W
L,L,L,L,L,L,L,W,W,M,M,M,M,M,W,W,W,W,R,R,R,R,W
L,L,L,LN,L,L,L,W,W,M,M,MN,M,M,W,W,W,R,R,RN,R,R,R
L,L,L,L,L,L,L,W,W,M,M,M,M,M,W,W,R,R,R,R,R,R,R
L,L,L,L,L,L,L,W,W,M,M,M,M,MR,W,R,R,R,R,R,R,R,R