M,M,M,M,M,M,M,M,W,C,C,C,C,C,C,C,W,P,P,P,P,P,P,P
M,M,M,M,M,M,M,M,W,C,C,C,C,C,C,C,W,P,P,P,P,P,P,P
M,M,M,M,M,M,M,M,W,W,C,C,C,C,C,W,W,PL,P,P,P,P,P,P
M,M,M,M,M,M,MD,M,W,W,C,C,C,C,C,W,W,P,P,P,W,W,PL,P
M,M,M,M,M,MR,W,W,W,C,C,C,C,C,C,C,W,P,P,P,W,W,P,P
M,M,M,M,M,M,W,W,W,C,C,CD,C,CD,C,C,W,P,P,P,W,W,L,L
M,M,M,M,M,M,W,W,W,W,W,W,W,W,W,W,W,W,W,W,W,W,L,L
L,O,O,O,O,O,W,W,W,W,W,W,W,W,W,W,W,W,W,W,W,W,L,L
L,O,O,O,O,O,W,W,W,W,X,X,X,X,X,W,W,T,TU,T,T,T,L,L
L,O,O,O,O,OR,W,W,W,W,X,X,X,X,X,W,W,T,T,T,T,T,L,L
L,O,O,O,O,O,OU,O,W,W,X,X,X,X,X,W,W,T,T,T,T,T,T,L
L,O,O,O,O,O,O,O,W,W,X,X,X,X,X,W,W,T,T,T,T,T,T,L
L,O,O,O,O,O,O,O,W,W,X,X,X,X,X,W,W,T,T,T,T,T,L,L
L,O,O,O,O,O,O,O,W,W,X,X,X,X,X,W,W,T,T,T,T,T,L,L
L,O,O,O,O,O,O,O,W,W,W,W,W,W,W,W,W,T,TD,T,T,T,L,L
W,W,W,W,W,W,W,W,W,W,W,W,W,W,W,W,W,W,W,W,W,W,L,L
W,W,W,W,W,W,W,W,W,W,BU,B,B,B,BU,W,W,W,W,W,W,W,L,L
W,W,D,D,D,D,W,W,W,W,B,B,B,B,B,W,W,W,W,G,G,G,L,L
W,W,D,D,D,D,D,DU,B,B,B,B,B,B,B,B,B,GU,G,G,G,G,L,L
D,DU,D,D,D,D,D,D,B,B,B,B,B,B,B,B,B,G,G,G,G,G,G,G
D,D,D,D,D,D,D,D,B,B,B,B,B,B,B,B,B,G,G,G,G,G,G,G
D,D,D,D,D,D,L,L,L,L,B,B,B,B,B,L,L,L,L,G,G,G,G,G
D,D,D,D,D,D,L,L,L,L,B,B,B,B,B,L,L,L,L,G,G,G,G,G